GameDate,start_date,end_date
2007-04-01,2007-04-01,2007-04-01
2007-04-02,2007-04-02,2007-04-02
2007-04-03,2007-04-03,2007-04-03
2007-04-04,2007-04-04,2007-04-04
2007-04-05,2007-04-05,2007-04-05
2007-04-06,2007-04-06,2007-04-06
2007-04-07,2007-04-07,2007-04-07
2007-04-08,2007-04-08,2007-04-08
2007-04-09,2007-04-09,2007-04-09
2007-04-10,2007-04-10,2007-04-10
2007-04-11,2007-04-11,2007-04-11
2007-04-12,2007-04-12,2007-04-12
2007-04-13,2007-04-13,2007-04-13
2007-04-14,2007-04-14,2007-04-14
2007-04-15,2007-04-15,2007-04-15
2007-04-16,2007-04-16,2007-04-16
2007-04-17,2007-04-17,2007-04-17
2007-04-18,2007-04-18,2007-04-18
2007-04-19,2007-04-19,2007-04-19
2007-04-20,2007-04-20,2007-04-20
2007-04-21,2007-04-21,2007-04-21
2007-04-22,2007-04-22,2007-04-22
2007-04-23,2007-04-23,2007-04-23
2007-04-24,2007-04-24,2007-04-24
2007-04-25,2007-04-25,2007-04-25
2007-04-26,2007-04-26,2007-04-26
2007-04-27,2007-04-27,2007-04-27
2007-04-28,2007-04-28,2007-04-28
2007-04-29,2007-04-29,2007-04-29
2007-04-30,2007-04-30,2007-04-30
2007-05-01,2007-05-01,2007-05-01
2007-05-02,2007-05-02,2007-05-02
2007-05-03,2007-05-03,2007-05-03
2007-05-04,2007-05-04,2007-05-04
2007-05-05,2007-05-05,2007-05-05
2007-05-06,2007-05-06,2007-05-06
2007-05-07,2007-05-07,2007-05-07
2007-05-08,2007-05-08,2007-05-08
2007-05-09,2007-05-09,2007-05-09
2007-05-10,2007-05-10,2007-05-10
2007-05-11,2007-05-11,2007-05-11
2007-05-12,2007-05-12,2007-05-12
2007-05-13,2007-05-13,2007-05-13
2007-05-14,2007-05-14,2007-05-14
2007-05-15,2007-05-15,2007-05-15
2007-05-16,2007-05-16,2007-05-16
2007-05-17,2007-05-17,2007-05-17
2007-05-18,2007-05-18,2007-05-18
2007-05-19,2007-05-19,2007-05-19
2007-05-20,2007-05-20,2007-05-20
2007-05-21,2007-05-21,2007-05-21
2007-05-22,2007-05-22,2007-05-22
2007-05-23,2007-05-23,2007-05-23
2007-05-24,2007-05-24,2007-05-24
2007-05-25,2007-05-25,2007-05-25
2007-05-26,2007-05-26,2007-05-26
2007-05-27,2007-05-27,2007-05-27
2007-05-28,2007-05-28,2007-05-28
2007-05-29,2007-05-29,2007-05-29
2007-05-30,2007-05-30,2007-05-30
2007-05-31,2007-05-31,2007-05-31
2007-06-01,2007-06-01,2007-06-01
2007-06-02,2007-06-02,2007-06-02
2007-06-03,2007-06-03,2007-06-03
2007-06-04,2007-06-04,2007-06-04
2007-06-05,2007-06-05,2007-06-05
2007-06-06,2007-06-06,2007-06-06
2007-06-07,2007-06-07,2007-06-07
2007-06-08,2007-06-08,2007-06-08
2007-06-09,2007-06-09,2007-06-09
2007-06-10,2007-06-10,2007-06-10
2007-06-11,2007-06-11,2007-06-11
2007-06-12,2007-06-12,2007-06-12
2007-06-13,2007-06-13,2007-06-13
2007-06-14,2007-06-14,2007-06-14
2007-06-15,2007-06-15,2007-06-15
2007-06-16,2007-06-16,2007-06-16
2007-06-17,2007-06-17,2007-06-17
2007-06-18,2007-06-18,2007-06-18
2007-06-19,2007-06-19,2007-06-19
2007-06-20,2007-06-20,2007-06-20
2007-06-21,2007-06-21,2007-06-21
2007-06-22,2007-06-22,2007-06-22
2007-06-23,2007-06-23,2007-06-23
2007-06-24,2007-06-24,2007-06-24
2007-06-25,2007-06-25,2007-06-25
2007-06-26,2007-06-26,2007-06-26
2007-06-27,2007-06-27,2007-06-27
2007-06-28,2007-06-28,2007-06-28
2007-06-29,2007-06-29,2007-06-29
2007-06-30,2007-06-30,2007-06-30
2007-07-01,2007-07-01,2007-07-01
2007-07-02,2007-07-02,2007-07-02
2007-07-03,2007-07-03,2007-07-03
2007-07-04,2007-07-04,2007-07-04
2007-07-05,2007-07-05,2007-07-05
2007-07-06,2007-07-06,2007-07-06
2007-07-07,2007-07-07,2007-07-07
2007-07-08,2007-07-08,2007-07-08
2007-07-12,2007-07-12,2007-07-12
2007-07-13,2007-07-13,2007-07-13
2007-07-14,2007-07-14,2007-07-14
2007-07-15,2007-07-15,2007-07-15
2007-07-16,2007-07-16,2007-07-16
2007-07-17,2007-07-17,2007-07-17
2007-07-18,2007-07-18,2007-07-18
2007-07-19,2007-07-19,2007-07-19
2007-07-20,2007-07-20,2007-07-20
2007-07-21,2007-07-21,2007-07-21
2007-07-22,2007-07-22,2007-07-22
2007-07-23,2007-07-23,2007-07-23
2007-07-24,2007-07-24,2007-07-24
2007-07-25,2007-07-25,2007-07-25
2007-07-26,2007-07-26,2007-07-26
2007-07-27,2007-07-27,2007-07-27
2007-07-28,2007-07-28,2007-07-28
2007-07-29,2007-07-29,2007-07-29
2007-07-30,2007-07-30,2007-07-30
2007-07-31,2007-07-31,2007-07-31
2007-08-01,2007-08-01,2007-08-01
2007-08-02,2007-08-02,2007-08-02
2007-08-03,2007-08-03,2007-08-03
2007-08-04,2007-08-04,2007-08-04
2007-08-05,2007-08-05,2007-08-05
2007-08-06,2007-08-06,2007-08-06
2007-08-07,2007-08-07,2007-08-07
2007-08-08,2007-08-08,2007-08-08
2007-08-09,2007-08-09,2007-08-09
2007-08-10,2007-08-10,2007-08-10
2007-08-11,2007-08-11,2007-08-11
2007-08-12,2007-08-12,2007-08-12
2007-08-13,2007-08-13,2007-08-13
2007-08-14,2007-08-14,2007-08-14
2007-08-15,2007-08-15,2007-08-15
2007-08-16,2007-08-16,2007-08-16
2007-08-17,2007-08-17,2007-08-17
2007-08-18,2007-08-18,2007-08-18
2007-08-19,2007-08-19,2007-08-19
2007-08-20,2007-08-20,2007-08-20
2007-08-21,2007-08-21,2007-08-21
2007-08-22,2007-08-22,2007-08-22
2007-08-23,2007-08-23,2007-08-23
2007-08-24,2007-08-24,2007-08-24
2007-08-25,2007-08-25,2007-08-25
2007-08-26,2007-08-26,2007-08-26
2007-08-27,2007-08-27,2007-08-27
2007-08-28,2007-08-28,2007-08-28
2007-08-29,2007-08-29,2007-08-29
2007-08-30,2007-08-30,2007-08-30
2007-08-31,2007-08-31,2007-08-31
2007-09-01,2007-09-01,2007-09-01
2007-09-02,2007-09-02,2007-09-02
2007-09-03,2007-09-03,2007-09-03
2007-09-04,2007-09-04,2007-09-04
2007-09-05,2007-09-05,2007-09-05
2007-09-06,2007-09-06,2007-09-06
2007-09-07,2007-09-07,2007-09-07
2007-09-08,2007-09-08,2007-09-08
2007-09-09,2007-09-09,2007-09-09
2007-09-10,2007-09-10,2007-09-10
2007-09-11,2007-09-11,2007-09-11
2007-09-12,2007-09-12,2007-09-12
2007-09-13,2007-09-13,2007-09-13
2007-09-14,2007-09-14,2007-09-14
2007-09-15,2007-09-15,2007-09-15
2007-09-16,2007-09-16,2007-09-16
2007-09-17,2007-09-17,2007-09-17
2007-09-18,2007-09-18,2007-09-18
2007-09-19,2007-09-19,2007-09-19
2007-09-20,2007-09-20,2007-09-20
2007-09-21,2007-09-21,2007-09-21
2007-09-22,2007-09-22,2007-09-22
2007-09-23,2007-09-23,2007-09-23
2007-09-24,2007-09-24,2007-09-24
2007-09-25,2007-09-25,2007-09-25
2007-09-26,2007-09-26,2007-09-26
2007-09-27,2007-09-27,2007-09-27
2007-09-28,2007-09-28,2007-09-28
2007-09-29,2007-09-29,2007-09-29
2007-09-30,2007-09-30,2007-09-30
2007-10-01,2007-10-01,2007-10-01
2008-03-25,2008-03-25,2008-03-25
2008-03-26,2008-03-26,2008-03-26
2008-03-30,2008-03-30,2008-03-30
2008-03-31,2008-03-31,2008-03-31
2008-04-01,2008-04-01,2008-04-01
2008-04-02,2008-04-02,2008-04-02
2008-04-03,2008-04-03,2008-04-03
2008-04-04,2008-04-04,2008-04-04
2008-04-05,2008-04-05,2008-04-05
2008-04-06,2008-04-06,2008-04-06
2008-04-07,2008-04-07,2008-04-07
2008-04-08,2008-04-08,2008-04-08
2008-04-09,2008-04-09,2008-04-09
2008-04-10,2008-04-10,2008-04-10
2008-04-11,2008-04-11,2008-04-11
2008-04-12,2008-04-12,2008-04-12
2008-04-13,2008-04-13,2008-04-13
2008-04-14,2008-04-14,2008-04-14
2008-04-15,2008-04-15,2008-04-15
2008-04-16,2008-04-16,2008-04-16
2008-04-17,2008-04-17,2008-04-17
2008-04-18,2008-04-18,2008-04-18
2008-04-19,2008-04-19,2008-04-19
2008-04-20,2008-04-20,2008-04-20
2008-04-21,2008-04-21,2008-04-21
2008-04-22,2008-04-22,2008-04-22
2008-04-23,2008-04-23,2008-04-23
2008-04-24,2008-04-24,2008-04-24
2008-04-25,2008-04-25,2008-04-25
2008-04-26,2008-04-26,2008-04-26
2008-04-27,2008-04-27,2008-04-27
2008-04-28,2008-04-28,2008-04-28
2008-04-29,2008-04-29,2008-04-29
2008-04-30,2008-04-30,2008-04-30
2008-05-01,2008-05-01,2008-05-01
2008-05-02,2008-05-02,2008-05-02
2008-05-03,2008-05-03,2008-05-03
2008-05-04,2008-05-04,2008-05-04
2008-05-05,2008-05-05,2008-05-05
2008-05-06,2008-05-06,2008-05-06
2008-05-07,2008-05-07,2008-05-07
2008-05-08,2008-05-08,2008-05-08
2008-05-09,2008-05-09,2008-05-09
2008-05-10,2008-05-10,2008-05-10
2008-05-11,2008-05-11,2008-05-11
2008-05-12,2008-05-12,2008-05-12
2008-05-13,2008-05-13,2008-05-13
2008-05-14,2008-05-14,2008-05-14
2008-05-15,2008-05-15,2008-05-15
2008-05-16,2008-05-16,2008-05-16
2008-05-17,2008-05-17,2008-05-17
2008-05-18,2008-05-18,2008-05-18
2008-05-19,2008-05-19,2008-05-19
2008-05-20,2008-05-20,2008-05-20
2008-05-21,2008-05-21,2008-05-21
2008-05-22,2008-05-22,2008-05-22
2008-05-23,2008-05-23,2008-05-23
2008-05-24,2008-05-24,2008-05-24
2008-05-25,2008-05-25,2008-05-25
2008-05-26,2008-05-26,2008-05-26
2008-05-27,2008-05-27,2008-05-27
2008-05-28,2008-05-28,2008-05-28
2008-05-29,2008-05-29,2008-05-29
2008-05-30,2008-05-30,2008-05-30
2008-05-31,2008-05-31,2008-05-31
2008-06-01,2008-06-01,2008-06-01
2008-06-02,2008-06-02,2008-06-02
2008-06-03,2008-06-03,2008-06-03
2008-06-04,2008-06-04,2008-06-04
2008-06-05,2008-06-05,2008-06-05
2008-06-06,2008-06-06,2008-06-06
2008-06-07,2008-06-07,2008-06-07
2008-06-08,2008-06-08,2008-06-08
2008-06-09,2008-06-09,2008-06-09
2008-06-10,2008-06-10,2008-06-10
2008-06-11,2008-06-11,2008-06-11
2008-06-12,2008-06-12,2008-06-12
2008-06-13,2008-06-13,2008-06-13
2008-06-14,2008-06-14,2008-06-14
2008-06-15,2008-06-15,2008-06-15
2008-06-16,2008-06-16,2008-06-16
2008-06-17,2008-06-17,2008-06-17
2008-06-18,2008-06-18,2008-06-18
2008-06-19,2008-06-19,2008-06-19
2008-06-20,2008-06-20,2008-06-20
2008-06-21,2008-06-21,2008-06-21
2008-06-22,2008-06-22,2008-06-22
2008-06-23,2008-06-23,2008-06-23
2008-06-24,2008-06-24,2008-06-24
2008-06-25,2008-06-25,2008-06-25
2008-06-26,2008-06-26,2008-06-26
2008-06-27,2008-06-27,2008-06-27
2008-06-28,2008-06-28,2008-06-28
2008-06-29,2008-06-29,2008-06-29
2008-06-30,2008-06-30,2008-06-30
2008-07-01,2008-07-01,2008-07-01
2008-07-02,2008-07-02,2008-07-02
2008-07-03,2008-07-03,2008-07-03
2008-07-04,2008-07-04,2008-07-04
2008-07-05,2008-07-05,2008-07-05
2008-07-06,2008-07-06,2008-07-06
2008-07-07,2008-07-07,2008-07-07
2008-07-08,2008-07-08,2008-07-08
2008-07-09,2008-07-09,2008-07-09
2008-07-10,2008-07-10,2008-07-10
2008-07-11,2008-07-11,2008-07-11
2008-07-12,2008-07-12,2008-07-12
2008-07-13,2008-07-13,2008-07-13
2008-07-17,2008-07-17,2008-07-17
2008-07-18,2008-07-18,2008-07-18
2008-07-19,2008-07-19,2008-07-19
2008-07-20,2008-07-20,2008-07-20
2008-07-21,2008-07-21,2008-07-21
2008-07-22,2008-07-22,2008-07-22
2008-07-23,2008-07-23,2008-07-23
2008-07-24,2008-07-24,2008-07-24
2008-07-25,2008-07-25,2008-07-25
2008-07-26,2008-07-26,2008-07-26
2008-07-27,2008-07-27,2008-07-27
2008-07-28,2008-07-28,2008-07-28
2008-07-29,2008-07-29,2008-07-29
2008-07-30,2008-07-30,2008-07-30
2008-07-31,2008-07-31,2008-07-31
2008-08-01,2008-08-01,2008-08-01
2008-08-02,2008-08-02,2008-08-02
2008-08-03,2008-08-03,2008-08-03
2008-08-04,2008-08-04,2008-08-04
2008-08-05,2008-08-05,2008-08-05
2008-08-06,2008-08-06,2008-08-06
2008-08-07,2008-08-07,2008-08-07
2008-08-08,2008-08-08,2008-08-08
2008-08-09,2008-08-09,2008-08-09
2008-08-10,2008-08-10,2008-08-10
2008-08-11,2008-08-11,2008-08-11
2008-08-12,2008-08-12,2008-08-12
2008-08-13,2008-08-13,2008-08-13
2008-08-14,2008-08-14,2008-08-14
2008-08-15,2008-08-15,2008-08-15
2008-08-16,2008-08-16,2008-08-16
2008-08-17,2008-08-17,2008-08-17
2008-08-18,2008-08-18,2008-08-18
2008-08-19,2008-08-19,2008-08-19
2008-08-20,2008-08-20,2008-08-20
2008-08-21,2008-08-21,2008-08-21
2008-08-22,2008-08-22,2008-08-22
2008-08-23,2008-08-23,2008-08-23
2008-08-24,2008-08-24,2008-08-24
2008-08-25,2008-08-25,2008-08-25
2008-08-26,2008-08-26,2008-08-26
2008-08-27,2008-08-27,2008-08-27
2008-08-28,2008-08-28,2008-08-28
2008-08-29,2008-08-29,2008-08-29
2008-08-30,2008-08-30,2008-08-30
2008-08-31,2008-08-31,2008-08-31
2008-09-01,2008-09-01,2008-09-01
2008-09-02,2008-09-02,2008-09-02
2008-09-03,2008-09-03,2008-09-03
2008-09-04,2008-09-04,2008-09-04
2008-09-05,2008-09-05,2008-09-05
2008-09-06,2008-09-06,2008-09-06
2008-09-07,2008-09-07,2008-09-07
2008-09-08,2008-09-08,2008-09-08
2008-09-09,2008-09-09,2008-09-09
2008-09-10,2008-09-10,2008-09-10
2008-09-11,2008-09-11,2008-09-11
2008-09-12,2008-09-12,2008-09-12
2008-09-13,2008-09-13,2008-09-13
2008-09-14,2008-09-14,2008-09-14
2008-09-15,2008-09-15,2008-09-15
2008-09-16,2008-09-16,2008-09-16
2008-09-17,2008-09-17,2008-09-17
2008-09-18,2008-09-18,2008-09-18
2008-09-19,2008-09-19,2008-09-19
2008-09-20,2008-09-20,2008-09-20
2008-09-21,2008-09-21,2008-09-21
2008-09-22,2008-09-22,2008-09-22
2008-09-23,2008-09-23,2008-09-23
2008-09-24,2008-09-24,2008-09-24
2008-09-25,2008-09-25,2008-09-25
2008-09-26,2008-09-26,2008-09-26
2008-09-27,2008-09-27,2008-09-27
2008-09-28,2008-09-28,2008-09-28
2008-09-29,2008-09-29,2008-09-29
2008-09-30,2008-09-30,2008-09-30
2009-04-05,2009-04-05,2009-04-05
2009-04-06,2009-04-06,2009-04-06
2009-04-07,2009-04-07,2009-04-07
2009-04-08,2009-04-08,2009-04-08
2009-04-09,2009-04-09,2009-04-09
2009-04-10,2009-04-10,2009-04-10
2009-04-11,2009-04-11,2009-04-11
2009-04-12,2009-04-12,2009-04-12
2009-04-13,2009-04-13,2009-04-13
2009-04-14,2009-04-14,2009-04-14
2009-04-15,2009-04-15,2009-04-15
2009-04-16,2009-04-16,2009-04-16
2009-04-17,2009-04-17,2009-04-17
2009-04-18,2009-04-18,2009-04-18
2009-04-19,2009-04-19,2009-04-19
2009-04-20,2009-04-20,2009-04-20
2009-04-21,2009-04-21,2009-04-21
2009-04-22,2009-04-22,2009-04-22
2009-04-23,2009-04-23,2009-04-23
2009-04-24,2009-04-24,2009-04-24
2009-04-25,2009-04-25,2009-04-25
2009-04-26,2009-04-26,2009-04-26
2009-04-27,2009-04-27,2009-04-27
2009-04-28,2009-04-28,2009-04-28
2009-04-29,2009-04-29,2009-04-29
2009-04-30,2009-04-30,2009-04-30
2009-05-01,2009-05-01,2009-05-01
2009-05-02,2009-05-02,2009-05-02
2009-05-03,2009-05-03,2009-05-03
2009-05-04,2009-05-04,2009-05-04
2009-05-05,2009-05-05,2009-05-05
2009-05-06,2009-05-06,2009-05-06
2009-05-07,2009-05-07,2009-05-07
2009-05-08,2009-05-08,2009-05-08
2009-05-09,2009-05-09,2009-05-09
2009-05-10,2009-05-10,2009-05-10
2009-05-11,2009-05-11,2009-05-11
2009-05-12,2009-05-12,2009-05-12
2009-05-13,2009-05-13,2009-05-13
2009-05-14,2009-05-14,2009-05-14
2009-05-15,2009-05-15,2009-05-15
2009-05-16,2009-05-16,2009-05-16
2009-05-17,2009-05-17,2009-05-17
2009-05-18,2009-05-18,2009-05-18
2009-05-19,2009-05-19,2009-05-19
2009-05-20,2009-05-20,2009-05-20
2009-05-21,2009-05-21,2009-05-21
2009-05-22,2009-05-22,2009-05-22
2009-05-23,2009-05-23,2009-05-23
2009-05-24,2009-05-24,2009-05-24
2009-05-25,2009-05-25,2009-05-25
2009-05-26,2009-05-26,2009-05-26
2009-05-27,2009-05-27,2009-05-27
2009-05-28,2009-05-28,2009-05-28
2009-05-29,2009-05-29,2009-05-29
2009-05-30,2009-05-30,2009-05-30
2009-05-31,2009-05-31,2009-05-31
2009-06-01,2009-06-01,2009-06-01
2009-06-02,2009-06-02,2009-06-02
2009-06-03,2009-06-03,2009-06-03
2009-06-04,2009-06-04,2009-06-04
2009-06-05,2009-06-05,2009-06-05
2009-06-06,2009-06-06,2009-06-06
2009-06-07,2009-06-07,2009-06-07
2009-06-08,2009-06-08,2009-06-08
2009-06-09,2009-06-09,2009-06-09
2009-06-10,2009-06-10,2009-06-10
2009-06-11,2009-06-11,2009-06-11
2009-06-12,2009-06-12,2009-06-12
2009-06-13,2009-06-13,2009-06-13
2009-06-14,2009-06-14,2009-06-14
2009-06-15,2009-06-15,2009-06-15
2009-06-16,2009-06-16,2009-06-16
2009-06-17,2009-06-17,2009-06-17
2009-06-18,2009-06-18,2009-06-18
2009-06-19,2009-06-19,2009-06-19
2009-06-20,2009-06-20,2009-06-20
2009-06-21,2009-06-21,2009-06-21
2009-06-22,2009-06-22,2009-06-22
2009-06-23,2009-06-23,2009-06-23
2009-06-24,2009-06-24,2009-06-24
2009-06-25,2009-06-25,2009-06-25
2009-06-26,2009-06-26,2009-06-26
2009-06-27,2009-06-27,2009-06-27
2009-06-28,2009-06-28,2009-06-28
2009-06-29,2009-06-29,2009-06-29
2009-06-30,2009-06-30,2009-06-30
2009-07-01,2009-07-01,2009-07-01
2009-07-02,2009-07-02,2009-07-02
2009-07-03,2009-07-03,2009-07-03
2009-07-04,2009-07-04,2009-07-04
2009-07-05,2009-07-05,2009-07-05
2009-07-06,2009-07-06,2009-07-06
2009-07-07,2009-07-07,2009-07-07
2009-07-08,2009-07-08,2009-07-08
2009-07-09,2009-07-09,2009-07-09
2009-07-10,2009-07-10,2009-07-10
2009-07-11,2009-07-11,2009-07-11
2009-07-12,2009-07-12,2009-07-12
2009-07-16,2009-07-16,2009-07-16
2009-07-17,2009-07-17,2009-07-17
2009-07-18,2009-07-18,2009-07-18
2009-07-19,2009-07-19,2009-07-19
2009-07-20,2009-07-20,2009-07-20
2009-07-21,2009-07-21,2009-07-21
2009-07-22,2009-07-22,2009-07-22
2009-07-23,2009-07-23,2009-07-23
2009-07-24,2009-07-24,2009-07-24
2009-07-25,2009-07-25,2009-07-25
2009-07-26,2009-07-26,2009-07-26
2009-07-27,2009-07-27,2009-07-27
2009-07-28,2009-07-28,2009-07-28
2009-07-29,2009-07-29,2009-07-29
2009-07-30,2009-07-30,2009-07-30
2009-07-31,2009-07-31,2009-07-31
2009-08-01,2009-08-01,2009-08-01
2009-08-02,2009-08-02,2009-08-02
2009-08-03,2009-08-03,2009-08-03
2009-08-04,2009-08-04,2009-08-04
2009-08-05,2009-08-05,2009-08-05
2009-08-06,2009-08-06,2009-08-06
2009-08-07,2009-08-07,2009-08-07
2009-08-08,2009-08-08,2009-08-08
2009-08-09,2009-08-09,2009-08-09
2009-08-10,2009-08-10,2009-08-10
2009-08-11,2009-08-11,2009-08-11
2009-08-12,2009-08-12,2009-08-12
2009-08-13,2009-08-13,2009-08-13
2009-08-14,2009-08-14,2009-08-14
2009-08-15,2009-08-15,2009-08-15
2009-08-16,2009-08-16,2009-08-16
2009-08-17,2009-08-17,2009-08-17
2009-08-18,2009-08-18,2009-08-18
2009-08-19,2009-08-19,2009-08-19
2009-08-20,2009-08-20,2009-08-20
2009-08-21,2009-08-21,2009-08-21
2009-08-22,2009-08-22,2009-08-22
2009-08-23,2009-08-23,2009-08-23
2009-08-24,2009-08-24,2009-08-24
2009-08-25,2009-08-25,2009-08-25
2009-08-26,2009-08-26,2009-08-26
2009-08-27,2009-08-27,2009-08-27
2009-08-28,2009-08-28,2009-08-28
2009-08-29,2009-08-29,2009-08-29
2009-08-30,2009-08-30,2009-08-30
2009-08-31,2009-08-31,2009-08-31
2009-09-01,2009-09-01,2009-09-01
2009-09-02,2009-09-02,2009-09-02
2009-09-03,2009-09-03,2009-09-03
2009-09-04,2009-09-04,2009-09-04
2009-09-05,2009-09-05,2009-09-05
2009-09-06,2009-09-06,2009-09-06
2009-09-07,2009-09-07,2009-09-07
2009-09-08,2009-09-08,2009-09-08
2009-09-09,2009-09-09,2009-09-09
2009-09-10,2009-09-10,2009-09-10
2009-09-11,2009-09-11,2009-09-11
2009-09-12,2009-09-12,2009-09-12
2009-09-13,2009-09-13,2009-09-13
2009-09-14,2009-09-14,2009-09-14
2009-09-15,2009-09-15,2009-09-15
2009-09-16,2009-09-16,2009-09-16
2009-09-17,2009-09-17,2009-09-17
2009-09-18,2009-09-18,2009-09-18
2009-09-19,2009-09-19,2009-09-19
2009-09-20,2009-09-20,2009-09-20
2009-09-21,2009-09-21,2009-09-21
2009-09-22,2009-09-22,2009-09-22
2009-09-23,2009-09-23,2009-09-23
2009-09-24,2009-09-24,2009-09-24
2009-09-25,2009-09-25,2009-09-25
2009-09-26,2009-09-26,2009-09-26
2009-09-27,2009-09-27,2009-09-27
2009-09-28,2009-09-28,2009-09-28
2009-09-29,2009-09-29,2009-09-29
2009-09-30,2009-09-30,2009-09-30
2009-10-01,2009-10-01,2009-10-01
2009-10-02,2009-10-02,2009-10-02
2009-10-03,2009-10-03,2009-10-03
2009-10-04,2009-10-04,2009-10-04
2009-10-06,2009-10-06,2009-10-06
2010-04-04,2010-04-04,2010-04-04
2010-04-05,2010-04-05,2010-04-05
2010-04-06,2010-04-06,2010-04-06
2010-04-07,2010-04-07,2010-04-07
2010-04-08,2010-04-08,2010-04-08
2010-04-09,2010-04-09,2010-04-09
2010-04-10,2010-04-10,2010-04-10
2010-04-11,2010-04-11,2010-04-11
2010-04-12,2010-04-12,2010-04-12
2010-04-13,2010-04-13,2010-04-13
2010-04-14,2010-04-14,2010-04-14
2010-04-15,2010-04-15,2010-04-15
2010-04-16,2010-04-16,2010-04-16
2010-04-17,2010-04-17,2010-04-17
2010-04-18,2010-04-18,2010-04-18
2010-04-19,2010-04-19,2010-04-19
2010-04-20,2010-04-20,2010-04-20
2010-04-21,2010-04-21,2010-04-21
2010-04-22,2010-04-22,2010-04-22
2010-04-23,2010-04-23,2010-04-23
2010-04-24,2010-04-24,2010-04-24
2010-04-25,2010-04-25,2010-04-25
2010-04-26,2010-04-26,2010-04-26
2010-04-27,2010-04-27,2010-04-27
2010-04-28,2010-04-28,2010-04-28
2010-04-29,2010-04-29,2010-04-29
2010-04-30,2010-04-30,2010-04-30
2010-05-01,2010-05-01,2010-05-01
2010-05-02,2010-05-02,2010-05-02
2010-05-03,2010-05-03,2010-05-03
2010-05-04,2010-05-04,2010-05-04
2010-05-05,2010-05-05,2010-05-05
2010-05-06,2010-05-06,2010-05-06
2010-05-07,2010-05-07,2010-05-07
2010-05-08,2010-05-08,2010-05-08
2010-05-09,2010-05-09,2010-05-09
2010-05-10,2010-05-10,2010-05-10
2010-05-11,2010-05-11,2010-05-11
2010-05-12,2010-05-12,2010-05-12
2010-05-13,2010-05-13,2010-05-13
2010-05-14,2010-05-14,2010-05-14
2010-05-15,2010-05-15,2010-05-15
2010-05-16,2010-05-16,2010-05-16
2010-05-17,2010-05-17,2010-05-17
2010-05-18,2010-05-18,2010-05-18
2010-05-19,2010-05-19,2010-05-19
2010-05-20,2010-05-20,2010-05-20
2010-05-21,2010-05-21,2010-05-21
2010-05-22,2010-05-22,2010-05-22
2010-05-23,2010-05-23,2010-05-23
2010-05-24,2010-05-24,2010-05-24
2010-05-25,2010-05-25,2010-05-25
2010-05-26,2010-05-26,2010-05-26
2010-05-27,2010-05-27,2010-05-27
2010-05-28,2010-05-28,2010-05-28
2010-05-29,2010-05-29,2010-05-29
2010-05-30,2010-05-30,2010-05-30
2010-05-31,2010-05-31,2010-05-31
2010-06-01,2010-06-01,2010-06-01
2010-06-02,2010-06-02,2010-06-02
2010-06-03,2010-06-03,2010-06-03
2010-06-04,2010-06-04,2010-06-04
2010-06-05,2010-06-05,2010-06-05
2010-06-06,2010-06-06,2010-06-06
2010-06-07,2010-06-07,2010-06-07
2010-06-08,2010-06-08,2010-06-08
2010-06-09,2010-06-09,2010-06-09
2010-06-10,2010-06-10,2010-06-10
2010-06-11,2010-06-11,2010-06-11
2010-06-12,2010-06-12,2010-06-12
2010-06-13,2010-06-13,2010-06-13
2010-06-14,2010-06-14,2010-06-14
2010-06-15,2010-06-15,2010-06-15
2010-06-16,2010-06-16,2010-06-16
2010-06-17,2010-06-17,2010-06-17
2010-06-18,2010-06-18,2010-06-18
2010-06-19,2010-06-19,2010-06-19
2010-06-20,2010-06-20,2010-06-20
2010-06-21,2010-06-21,2010-06-21
2010-06-22,2010-06-22,2010-06-22
2010-06-23,2010-06-23,2010-06-23
2010-06-24,2010-06-24,2010-06-24
2010-06-25,2010-06-25,2010-06-25
2010-06-26,2010-06-26,2010-06-26
2010-06-27,2010-06-27,2010-06-27
2010-06-28,2010-06-28,2010-06-28
2010-06-29,2010-06-29,2010-06-29
2010-06-30,2010-06-30,2010-06-30
2010-07-01,2010-07-01,2010-07-01
2010-07-02,2010-07-02,2010-07-02
2010-07-03,2010-07-03,2010-07-03
2010-07-04,2010-07-04,2010-07-04
2010-07-05,2010-07-05,2010-07-05
2010-07-06,2010-07-06,2010-07-06
2010-07-07,2010-07-07,2010-07-07
2010-07-08,2010-07-08,2010-07-08
2010-07-09,2010-07-09,2010-07-09
2010-07-10,2010-07-10,2010-07-10
2010-07-11,2010-07-11,2010-07-11
2010-07-15,2010-07-15,2010-07-15
2010-07-16,2010-07-16,2010-07-16
2010-07-17,2010-07-17,2010-07-17
2010-07-18,2010-07-18,2010-07-18
2010-07-19,2010-07-19,2010-07-19
2010-07-20,2010-07-20,2010-07-20
2010-07-21,2010-07-21,2010-07-21
2010-07-22,2010-07-22,2010-07-22
2010-07-23,2010-07-23,2010-07-23
2010-07-24,2010-07-24,2010-07-24
2010-07-25,2010-07-25,2010-07-25
2010-07-26,2010-07-26,2010-07-26
2010-07-27,2010-07-27,2010-07-27
2010-07-28,2010-07-28,2010-07-28
2010-07-29,2010-07-29,2010-07-29
2010-07-30,2010-07-30,2010-07-30
2010-07-31,2010-07-31,2010-07-31
2010-08-01,2010-08-01,2010-08-01
2010-08-02,2010-08-02,2010-08-02
2010-08-03,2010-08-03,2010-08-03
2010-08-04,2010-08-04,2010-08-04
2010-08-05,2010-08-05,2010-08-05
2010-08-06,2010-08-06,2010-08-06
2010-08-07,2010-08-07,2010-08-07
2010-08-08,2010-08-08,2010-08-08
2010-08-09,2010-08-09,2010-08-09
2010-08-10,2010-08-10,2010-08-10
2010-08-11,2010-08-11,2010-08-11
2010-08-12,2010-08-12,2010-08-12
2010-08-13,2010-08-13,2010-08-13
2010-08-14,2010-08-14,2010-08-14
2010-08-15,2010-08-15,2010-08-15
2010-08-16,2010-08-16,2010-08-16
2010-08-17,2010-08-17,2010-08-17
2010-08-18,2010-08-18,2010-08-18
2010-08-19,2010-08-19,2010-08-19
2010-08-20,2010-08-20,2010-08-20
2010-08-21,2010-08-21,2010-08-21
2010-08-22,2010-08-22,2010-08-22
2010-08-23,2010-08-23,2010-08-23
2010-08-24,2010-08-24,2010-08-24
2010-08-25,2010-08-25,2010-08-25
2010-08-26,2010-08-26,2010-08-26
2010-08-27,2010-08-27,2010-08-27
2010-08-28,2010-08-28,2010-08-28
2010-08-29,2010-08-29,2010-08-29
2010-08-30,2010-08-30,2010-08-30
2010-08-31,2010-08-31,2010-08-31
2010-09-01,2010-09-01,2010-09-01
2010-09-02,2010-09-02,2010-09-02
2010-09-03,2010-09-03,2010-09-03
2010-09-04,2010-09-04,2010-09-04
2010-09-05,2010-09-05,2010-09-05
2010-09-06,2010-09-06,2010-09-06
2010-09-07,2010-09-07,2010-09-07
2010-09-08,2010-09-08,2010-09-08
2010-09-09,2010-09-09,2010-09-09
2010-09-10,2010-09-10,2010-09-10
2010-09-11,2010-09-11,2010-09-11
2010-09-12,2010-09-12,2010-09-12
2010-09-13,2010-09-13,2010-09-13
2010-09-14,2010-09-14,2010-09-14
2010-09-15,2010-09-15,2010-09-15
2010-09-16,2010-09-16,2010-09-16
2010-09-17,2010-09-17,2010-09-17
2010-09-18,2010-09-18,2010-09-18
2010-09-19,2010-09-19,2010-09-19
2010-09-20,2010-09-20,2010-09-20
2010-09-21,2010-09-21,2010-09-21
2010-09-22,2010-09-22,2010-09-22
2010-09-23,2010-09-23,2010-09-23
2010-09-24,2010-09-24,2010-09-24
2010-09-25,2010-09-25,2010-09-25
2010-09-26,2010-09-26,2010-09-26
2010-09-27,2010-09-27,2010-09-27
2010-09-28,2010-09-28,2010-09-28
2010-09-29,2010-09-29,2010-09-29
2010-09-30,2010-09-30,2010-09-30
2010-10-01,2010-10-01,2010-10-01
2010-10-02,2010-10-02,2010-10-02
2010-10-03,2010-10-03,2010-10-03
2011-03-31,2011-03-31,2011-03-31
2011-04-01,2011-04-01,2011-04-01
2011-04-02,2011-04-02,2011-04-02
2011-04-03,2011-04-03,2011-04-03
2011-04-04,2011-04-04,2011-04-04
2011-04-05,2011-04-05,2011-04-05
2011-04-06,2011-04-06,2011-04-06
2011-04-07,2011-04-07,2011-04-07
2011-04-08,2011-04-08,2011-04-08
2011-04-09,2011-04-09,2011-04-09
2011-04-10,2011-04-10,2011-04-10
2011-04-11,2011-04-11,2011-04-11
2011-04-12,2011-04-12,2011-04-12
2011-04-13,2011-04-13,2011-04-13
2011-04-14,2011-04-14,2011-04-14
2011-04-15,2011-04-15,2011-04-15
2011-04-16,2011-04-16,2011-04-16
2011-04-17,2011-04-17,2011-04-17
2011-04-18,2011-04-18,2011-04-18
2011-04-19,2011-04-19,2011-04-19
2011-04-20,2011-04-20,2011-04-20
2011-04-21,2011-04-21,2011-04-21
2011-04-22,2011-04-22,2011-04-22
2011-04-23,2011-04-23,2011-04-23
2011-04-24,2011-04-24,2011-04-24
2011-04-25,2011-04-25,2011-04-25
2011-04-26,2011-04-26,2011-04-26
2011-04-27,2011-04-27,2011-04-27
2011-04-28,2011-04-28,2011-04-28
2011-04-29,2011-04-29,2011-04-29
2011-04-30,2011-04-30,2011-04-30
2011-05-01,2011-05-01,2011-05-01
2011-05-02,2011-05-02,2011-05-02
2011-05-03,2011-05-03,2011-05-03
2011-05-04,2011-05-04,2011-05-04
2011-05-05,2011-05-05,2011-05-05
2011-05-06,2011-05-06,2011-05-06
2011-05-07,2011-05-07,2011-05-07
2011-05-08,2011-05-08,2011-05-08
2011-05-09,2011-05-09,2011-05-09
2011-05-10,2011-05-10,2011-05-10
2011-05-11,2011-05-11,2011-05-11
2011-05-12,2011-05-12,2011-05-12
2011-05-13,2011-05-13,2011-05-13
2011-05-14,2011-05-14,2011-05-14
2011-05-15,2011-05-15,2011-05-15
2011-05-16,2011-05-16,2011-05-16
2011-05-17,2011-05-17,2011-05-17
2011-05-18,2011-05-18,2011-05-18
2011-05-19,2011-05-19,2011-05-19
2011-05-20,2011-05-20,2011-05-20
2011-05-21,2011-05-21,2011-05-21
2011-05-22,2011-05-22,2011-05-22
2011-05-23,2011-05-23,2011-05-23
2011-05-24,2011-05-24,2011-05-24
2011-05-25,2011-05-25,2011-05-25
2011-05-26,2011-05-26,2011-05-26
2011-05-27,2011-05-27,2011-05-27
2011-05-28,2011-05-28,2011-05-28
2011-05-29,2011-05-29,2011-05-29
2011-05-30,2011-05-30,2011-05-30
2011-05-31,2011-05-31,2011-05-31
2011-06-01,2011-06-01,2011-06-01
2011-06-02,2011-06-02,2011-06-02
2011-06-03,2011-06-03,2011-06-03
2011-06-04,2011-06-04,2011-06-04
2011-06-05,2011-06-05,2011-06-05
2011-06-06,2011-06-06,2011-06-06
2011-06-07,2011-06-07,2011-06-07
2011-06-08,2011-06-08,2011-06-08
2011-06-09,2011-06-09,2011-06-09
2011-06-10,2011-06-10,2011-06-10
2011-06-11,2011-06-11,2011-06-11
2011-06-12,2011-06-12,2011-06-12
2011-06-13,2011-06-13,2011-06-13
2011-06-14,2011-06-14,2011-06-14
2011-06-15,2011-06-15,2011-06-15
2011-06-16,2011-06-16,2011-06-16
2011-06-17,2011-06-17,2011-06-17
2011-06-18,2011-06-18,2011-06-18
2011-06-19,2011-06-19,2011-06-19
2011-06-20,2011-06-20,2011-06-20
2011-06-21,2011-06-21,2011-06-21
2011-06-22,2011-06-22,2011-06-22
2011-06-23,2011-06-23,2011-06-23
2011-06-24,2011-06-24,2011-06-24
2011-06-25,2011-06-25,2011-06-25
2011-06-26,2011-06-26,2011-06-26
2011-06-27,2011-06-27,2011-06-27
2011-06-28,2011-06-28,2011-06-28
2011-06-29,2011-06-29,2011-06-29
2011-06-30,2011-06-30,2011-06-30
2011-07-01,2011-07-01,2011-07-01
2011-07-02,2011-07-02,2011-07-02
2011-07-03,2011-07-03,2011-07-03
2011-07-04,2011-07-04,2011-07-04
2011-07-05,2011-07-05,2011-07-05
2011-07-06,2011-07-06,2011-07-06
2011-07-07,2011-07-07,2011-07-07
2011-07-08,2011-07-08,2011-07-08
2011-07-09,2011-07-09,2011-07-09
2011-07-10,2011-07-10,2011-07-10
2011-07-14,2011-07-14,2011-07-14
2011-07-15,2011-07-15,2011-07-15
2011-07-16,2011-07-16,2011-07-16
2011-07-17,2011-07-17,2011-07-17
2011-07-18,2011-07-18,2011-07-18
2011-07-19,2011-07-19,2011-07-19
2011-07-20,2011-07-20,2011-07-20
2011-07-21,2011-07-21,2011-07-21
2011-07-22,2011-07-22,2011-07-22
2011-07-23,2011-07-23,2011-07-23
2011-07-24,2011-07-24,2011-07-24
2011-07-25,2011-07-25,2011-07-25
2011-07-26,2011-07-26,2011-07-26
2011-07-27,2011-07-27,2011-07-27
2011-07-28,2011-07-28,2011-07-28
2011-07-29,2011-07-29,2011-07-29
2011-07-30,2011-07-30,2011-07-30
2011-07-31,2011-07-31,2011-07-31
2011-08-01,2011-08-01,2011-08-01
2011-08-02,2011-08-02,2011-08-02
2011-08-03,2011-08-03,2011-08-03
2011-08-04,2011-08-04,2011-08-04
2011-08-05,2011-08-05,2011-08-05
2011-08-06,2011-08-06,2011-08-06
2011-08-07,2011-08-07,2011-08-07
2011-08-08,2011-08-08,2011-08-08
2011-08-09,2011-08-09,2011-08-09
2011-08-10,2011-08-10,2011-08-10
2011-08-11,2011-08-11,2011-08-11
2011-08-12,2011-08-12,2011-08-12
2011-08-13,2011-08-13,2011-08-13
2011-08-14,2011-08-14,2011-08-14
2011-08-15,2011-08-15,2011-08-15
2011-08-16,2011-08-16,2011-08-16
2011-08-17,2011-08-17,2011-08-17
2011-08-18,2011-08-18,2011-08-18
2011-08-19,2011-08-19,2011-08-19
2011-08-20,2011-08-20,2011-08-20
2011-08-21,2011-08-21,2011-08-21
2011-08-22,2011-08-22,2011-08-22
2011-08-23,2011-08-23,2011-08-23
2011-08-24,2011-08-24,2011-08-24
2011-08-25,2011-08-25,2011-08-25
2011-08-26,2011-08-26,2011-08-26
2011-08-27,2011-08-27,2011-08-27
2011-08-28,2011-08-28,2011-08-28
2011-08-29,2011-08-29,2011-08-29
2011-08-30,2011-08-30,2011-08-30
2011-08-31,2011-08-31,2011-08-31
2011-09-01,2011-09-01,2011-09-01
2011-09-02,2011-09-02,2011-09-02
2011-09-03,2011-09-03,2011-09-03
2011-09-04,2011-09-04,2011-09-04
2011-09-05,2011-09-05,2011-09-05
2011-09-06,2011-09-06,2011-09-06
2011-09-07,2011-09-07,2011-09-07
2011-09-08,2011-09-08,2011-09-08
2011-09-09,2011-09-09,2011-09-09
2011-09-10,2011-09-10,2011-09-10
2011-09-11,2011-09-11,2011-09-11
2011-09-12,2011-09-12,2011-09-12
2011-09-13,2011-09-13,2011-09-13
2011-09-14,2011-09-14,2011-09-14
2011-09-15,2011-09-15,2011-09-15
2011-09-16,2011-09-16,2011-09-16
2011-09-17,2011-09-17,2011-09-17
2011-09-18,2011-09-18,2011-09-18
2011-09-19,2011-09-19,2011-09-19
2011-09-20,2011-09-20,2011-09-20
2011-09-21,2011-09-21,2011-09-21
2011-09-22,2011-09-22,2011-09-22
2011-09-23,2011-09-23,2011-09-23
2011-09-24,2011-09-24,2011-09-24
2011-09-25,2011-09-25,2011-09-25
2011-09-26,2011-09-26,2011-09-26
2011-09-27,2011-09-27,2011-09-27
2011-09-28,2011-09-28,2011-09-28
2012-03-28,2012-03-28,2012-03-28
2012-03-29,2012-03-29,2012-03-29
2012-04-04,2012-04-04,2012-04-04
2012-04-05,2012-04-05,2012-04-05
2012-04-06,2012-04-06,2012-04-06
2012-04-07,2012-04-07,2012-04-07
2012-04-08,2012-04-08,2012-04-08
2012-04-09,2012-04-09,2012-04-09
2012-04-10,2012-04-10,2012-04-10
2012-04-11,2012-04-11,2012-04-11
2012-04-12,2012-04-12,2012-04-12
2012-04-13,2012-04-13,2012-04-13
2012-04-14,2012-04-14,2012-04-14
2012-04-15,2012-04-15,2012-04-15
2012-04-16,2012-04-16,2012-04-16
2012-04-17,2012-04-17,2012-04-17
2012-04-18,2012-04-18,2012-04-18
2012-04-19,2012-04-19,2012-04-19
2012-04-20,2012-04-20,2012-04-20
2012-04-21,2012-04-21,2012-04-21
2012-04-22,2012-04-22,2012-04-22
2012-04-23,2012-04-23,2012-04-23
2012-04-24,2012-04-24,2012-04-24
2012-04-25,2012-04-25,2012-04-25
2012-04-26,2012-04-26,2012-04-26
2012-04-27,2012-04-27,2012-04-27
2012-04-28,2012-04-28,2012-04-28
2012-04-29,2012-04-29,2012-04-29
2012-04-30,2012-04-30,2012-04-30
2012-05-01,2012-05-01,2012-05-01
2012-05-02,2012-05-02,2012-05-02
2012-05-03,2012-05-03,2012-05-03
2012-05-04,2012-05-04,2012-05-04
2012-05-05,2012-05-05,2012-05-05
2012-05-06,2012-05-06,2012-05-06
2012-05-07,2012-05-07,2012-05-07
2012-05-08,2012-05-08,2012-05-08
2012-05-09,2012-05-09,2012-05-09
2012-05-10,2012-05-10,2012-05-10
2012-05-11,2012-05-11,2012-05-11
2012-05-12,2012-05-12,2012-05-12
2012-05-13,2012-05-13,2012-05-13
2012-05-14,2012-05-14,2012-05-14
2012-05-15,2012-05-15,2012-05-15
2012-05-16,2012-05-16,2012-05-16
2012-05-17,2012-05-17,2012-05-17
2012-05-18,2012-05-18,2012-05-18
2012-05-19,2012-05-19,2012-05-19
2012-05-20,2012-05-20,2012-05-20
2012-05-21,2012-05-21,2012-05-21
2012-05-22,2012-05-22,2012-05-22
2012-05-23,2012-05-23,2012-05-23
2012-05-24,2012-05-24,2012-05-24
2012-05-25,2012-05-25,2012-05-25
2012-05-26,2012-05-26,2012-05-26
2012-05-27,2012-05-27,2012-05-27
2012-05-28,2012-05-28,2012-05-28
2012-05-29,2012-05-29,2012-05-29
2012-05-30,2012-05-30,2012-05-30
2012-05-31,2012-05-31,2012-05-31
2012-06-01,2012-06-01,2012-06-01
2012-06-02,2012-06-02,2012-06-02
2012-06-03,2012-06-03,2012-06-03
2012-06-04,2012-06-04,2012-06-04
2012-06-05,2012-06-05,2012-06-05
2012-06-06,2012-06-06,2012-06-06
2012-06-07,2012-06-07,2012-06-07
2012-06-08,2012-06-08,2012-06-08
2012-06-09,2012-06-09,2012-06-09
2012-06-10,2012-06-10,2012-06-10
2012-06-11,2012-06-11,2012-06-11
2012-06-12,2012-06-12,2012-06-12
2012-06-13,2012-06-13,2012-06-13
2012-06-14,2012-06-14,2012-06-14
2012-06-15,2012-06-15,2012-06-15
2012-06-16,2012-06-16,2012-06-16
2012-06-17,2012-06-17,2012-06-17
2012-06-18,2012-06-18,2012-06-18
2012-06-19,2012-06-19,2012-06-19
2012-06-20,2012-06-20,2012-06-20
2012-06-21,2012-06-21,2012-06-21
2012-06-22,2012-06-22,2012-06-22
2012-06-23,2012-06-23,2012-06-23
2012-06-24,2012-06-24,2012-06-24
2012-06-25,2012-06-25,2012-06-25
2012-06-26,2012-06-26,2012-06-26
2012-06-27,2012-06-27,2012-06-27
2012-06-28,2012-06-28,2012-06-28
2012-06-29,2012-06-29,2012-06-29
2012-06-30,2012-06-30,2012-06-30
2012-07-01,2012-07-01,2012-07-01
2012-07-02,2012-07-02,2012-07-02
2012-07-03,2012-07-03,2012-07-03
2012-07-04,2012-07-04,2012-07-04
2012-07-05,2012-07-05,2012-07-05
2012-07-06,2012-07-06,2012-07-06
2012-07-07,2012-07-07,2012-07-07
2012-07-08,2012-07-08,2012-07-08
2012-07-13,2012-07-13,2012-07-13
2012-07-14,2012-07-14,2012-07-14
2012-07-15,2012-07-15,2012-07-15
2012-07-16,2012-07-16,2012-07-16
2012-07-17,2012-07-17,2012-07-17
2012-07-18,2012-07-18,2012-07-18
2012-07-19,2012-07-19,2012-07-19
2012-07-20,2012-07-20,2012-07-20
2012-07-21,2012-07-21,2012-07-21
2012-07-22,2012-07-22,2012-07-22
2012-07-23,2012-07-23,2012-07-23
2012-07-24,2012-07-24,2012-07-24
2012-07-25,2012-07-25,2012-07-25
2012-07-26,2012-07-26,2012-07-26
2012-07-27,2012-07-27,2012-07-27
2012-07-28,2012-07-28,2012-07-28
2012-07-29,2012-07-29,2012-07-29
2012-07-30,2012-07-30,2012-07-30
2012-07-31,2012-07-31,2012-07-31
2012-08-01,2012-08-01,2012-08-01
2012-08-02,2012-08-02,2012-08-02
2012-08-03,2012-08-03,2012-08-03
2012-08-04,2012-08-04,2012-08-04
2012-08-05,2012-08-05,2012-08-05
2012-08-06,2012-08-06,2012-08-06
2012-08-07,2012-08-07,2012-08-07
2012-08-08,2012-08-08,2012-08-08
2012-08-09,2012-08-09,2012-08-09
2012-08-10,2012-08-10,2012-08-10
2012-08-11,2012-08-11,2012-08-11
2012-08-12,2012-08-12,2012-08-12
2012-08-13,2012-08-13,2012-08-13
2012-08-14,2012-08-14,2012-08-14
2012-08-15,2012-08-15,2012-08-15
2012-08-16,2012-08-16,2012-08-16
2012-08-17,2012-08-17,2012-08-17
2012-08-18,2012-08-18,2012-08-18
2012-08-19,2012-08-19,2012-08-19
2012-08-20,2012-08-20,2012-08-20
2012-08-21,2012-08-21,2012-08-21
2012-08-22,2012-08-22,2012-08-22
2012-08-23,2012-08-23,2012-08-23
2012-08-24,2012-08-24,2012-08-24
2012-08-25,2012-08-25,2012-08-25
2012-08-26,2012-08-26,2012-08-26
2012-08-27,2012-08-27,2012-08-27
2012-08-28,2012-08-28,2012-08-28
2012-08-29,2012-08-29,2012-08-29
2012-08-30,2012-08-30,2012-08-30
2012-08-31,2012-08-31,2012-08-31
2012-09-01,2012-09-01,2012-09-01
2012-09-02,2012-09-02,2012-09-02
2012-09-03,2012-09-03,2012-09-03
2012-09-04,2012-09-04,2012-09-04
2012-09-05,2012-09-05,2012-09-05
2012-09-06,2012-09-06,2012-09-06
2012-09-07,2012-09-07,2012-09-07
2012-09-08,2012-09-08,2012-09-08
2012-09-09,2012-09-09,2012-09-09
2012-09-10,2012-09-10,2012-09-10
2012-09-11,2012-09-11,2012-09-11
2012-09-12,2012-09-12,2012-09-12
2012-09-13,2012-09-13,2012-09-13
2012-09-14,2012-09-14,2012-09-14
2012-09-15,2012-09-15,2012-09-15
2012-09-16,2012-09-16,2012-09-16
2012-09-17,2012-09-17,2012-09-17
2012-09-18,2012-09-18,2012-09-18
2012-09-19,2012-09-19,2012-09-19
2012-09-20,2012-09-20,2012-09-20
2012-09-21,2012-09-21,2012-09-21
2012-09-22,2012-09-22,2012-09-22
2012-09-23,2012-09-23,2012-09-23
2012-09-24,2012-09-24,2012-09-24
2012-09-25,2012-09-25,2012-09-25
2012-09-26,2012-09-26,2012-09-26
2012-09-27,2012-09-27,2012-09-27
2012-09-28,2012-09-28,2012-09-28
2012-09-29,2012-09-29,2012-09-29
2012-09-30,2012-09-30,2012-09-30
2012-10-01,2012-10-01,2012-10-01
2012-10-02,2012-10-02,2012-10-02
2012-10-03,2012-10-03,2012-10-03
2013-03-31,2013-03-31,2013-03-31
2013-04-01,2013-04-01,2013-04-01
2013-04-02,2013-04-02,2013-04-02
2013-04-03,2013-04-03,2013-04-03
2013-04-04,2013-04-04,2013-04-04
2013-04-05,2013-04-05,2013-04-05
2013-04-06,2013-04-06,2013-04-06
2013-04-07,2013-04-07,2013-04-07
2013-04-08,2013-04-08,2013-04-08
2013-04-09,2013-04-09,2013-04-09
2013-04-10,2013-04-10,2013-04-10
2013-04-11,2013-04-11,2013-04-11
2013-04-12,2013-04-12,2013-04-12
2013-04-13,2013-04-13,2013-04-13
2013-04-14,2013-04-14,2013-04-14
2013-04-15,2013-04-15,2013-04-15
2013-04-16,2013-04-16,2013-04-16
2013-04-17,2013-04-17,2013-04-17
2013-04-18,2013-04-18,2013-04-18
2013-04-19,2013-04-19,2013-04-19
2013-04-20,2013-04-20,2013-04-20
2013-04-21,2013-04-21,2013-04-21
2013-04-22,2013-04-22,2013-04-22
2013-04-23,2013-04-23,2013-04-23
2013-04-24,2013-04-24,2013-04-24
2013-04-25,2013-04-25,2013-04-25
2013-04-26,2013-04-26,2013-04-26
2013-04-27,2013-04-27,2013-04-27
2013-04-28,2013-04-28,2013-04-28
2013-04-29,2013-04-29,2013-04-29
2013-04-30,2013-04-30,2013-04-30
2013-05-01,2013-05-01,2013-05-01
2013-05-02,2013-05-02,2013-05-02
2013-05-03,2013-05-03,2013-05-03
2013-05-04,2013-05-04,2013-05-04
2013-05-05,2013-05-05,2013-05-05
2013-05-06,2013-05-06,2013-05-06
2013-05-07,2013-05-07,2013-05-07
2013-05-08,2013-05-08,2013-05-08
2013-05-09,2013-05-09,2013-05-09
2013-05-10,2013-05-10,2013-05-10
2013-05-11,2013-05-11,2013-05-11
2013-05-12,2013-05-12,2013-05-12
2013-05-13,2013-05-13,2013-05-13
2013-05-14,2013-05-14,2013-05-14
2013-05-15,2013-05-15,2013-05-15
2013-05-16,2013-05-16,2013-05-16
2013-05-17,2013-05-17,2013-05-17
2013-05-18,2013-05-18,2013-05-18
2013-05-19,2013-05-19,2013-05-19
2013-05-20,2013-05-20,2013-05-20
2013-05-21,2013-05-21,2013-05-21
2013-05-22,2013-05-22,2013-05-22
2013-05-23,2013-05-23,2013-05-23
2013-05-24,2013-05-24,2013-05-24
2013-05-25,2013-05-25,2013-05-25
2013-05-26,2013-05-26,2013-05-26
2013-05-27,2013-05-27,2013-05-27
2013-05-28,2013-05-28,2013-05-28
2013-05-29,2013-05-29,2013-05-29
2013-05-30,2013-05-30,2013-05-30
2013-05-31,2013-05-31,2013-05-31
2013-06-01,2013-06-01,2013-06-01
2013-06-02,2013-06-02,2013-06-02
2013-06-03,2013-06-03,2013-06-03
2013-06-04,2013-06-04,2013-06-04
2013-06-05,2013-06-05,2013-06-05
2013-06-06,2013-06-06,2013-06-06
2013-06-07,2013-06-07,2013-06-07
2013-06-08,2013-06-08,2013-06-08
2013-06-09,2013-06-09,2013-06-09
2013-06-10,2013-06-10,2013-06-10
2013-06-11,2013-06-11,2013-06-11
2013-06-12,2013-06-12,2013-06-12
2013-06-13,2013-06-13,2013-06-13
2013-06-14,2013-06-14,2013-06-14
2013-06-15,2013-06-15,2013-06-15
2013-06-16,2013-06-16,2013-06-16
2013-06-17,2013-06-17,2013-06-17
2013-06-18,2013-06-18,2013-06-18
2013-06-19,2013-06-19,2013-06-19
2013-06-20,2013-06-20,2013-06-20
2013-06-21,2013-06-21,2013-06-21
2013-06-22,2013-06-22,2013-06-22
2013-06-23,2013-06-23,2013-06-23
2013-06-24,2013-06-24,2013-06-24
2013-06-25,2013-06-25,2013-06-25
2013-06-26,2013-06-26,2013-06-26
2013-06-27,2013-06-27,2013-06-27
2013-06-28,2013-06-28,2013-06-28
2013-06-29,2013-06-29,2013-06-29
2013-06-30,2013-06-30,2013-06-30
2013-07-01,2013-07-01,2013-07-01
2013-07-02,2013-07-02,2013-07-02
2013-07-03,2013-07-03,2013-07-03
2013-07-04,2013-07-04,2013-07-04
2013-07-05,2013-07-05,2013-07-05
2013-07-06,2013-07-06,2013-07-06
2013-07-07,2013-07-07,2013-07-07
2013-07-08,2013-07-08,2013-07-08
2013-07-09,2013-07-09,2013-07-09
2013-07-10,2013-07-10,2013-07-10
2013-07-11,2013-07-11,2013-07-11
2013-07-12,2013-07-12,2013-07-12
2013-07-13,2013-07-13,2013-07-13
2013-07-14,2013-07-14,2013-07-14
2013-07-19,2013-07-19,2013-07-19
2013-07-20,2013-07-20,2013-07-20
2013-07-21,2013-07-21,2013-07-21
2013-07-22,2013-07-22,2013-07-22
2013-07-23,2013-07-23,2013-07-23
2013-07-24,2013-07-24,2013-07-24
2013-07-25,2013-07-25,2013-07-25
2013-07-26,2013-07-26,2013-07-26
2013-07-27,2013-07-27,2013-07-27
2013-07-28,2013-07-28,2013-07-28
2013-07-29,2013-07-29,2013-07-29
2013-07-30,2013-07-30,2013-07-30
2013-07-31,2013-07-31,2013-07-31
2013-08-01,2013-08-01,2013-08-01
2013-08-02,2013-08-02,2013-08-02
2013-08-03,2013-08-03,2013-08-03
2013-08-04,2013-08-04,2013-08-04
2013-08-05,2013-08-05,2013-08-05
2013-08-06,2013-08-06,2013-08-06
2013-08-07,2013-08-07,2013-08-07
2013-08-08,2013-08-08,2013-08-08
2013-08-09,2013-08-09,2013-08-09
2013-08-10,2013-08-10,2013-08-10
2013-08-11,2013-08-11,2013-08-11
2013-08-12,2013-08-12,2013-08-12
2013-08-13,2013-08-13,2013-08-13
2013-08-14,2013-08-14,2013-08-14
2013-08-15,2013-08-15,2013-08-15
2013-08-16,2013-08-16,2013-08-16
2013-08-17,2013-08-17,2013-08-17
2013-08-18,2013-08-18,2013-08-18
2013-08-19,2013-08-19,2013-08-19
2013-08-20,2013-08-20,2013-08-20
2013-08-21,2013-08-21,2013-08-21
2013-08-22,2013-08-22,2013-08-22
2013-08-23,2013-08-23,2013-08-23
2013-08-24,2013-08-24,2013-08-24
2013-08-25,2013-08-25,2013-08-25
2013-08-26,2013-08-26,2013-08-26
2013-08-27,2013-08-27,2013-08-27
2013-08-28,2013-08-28,2013-08-28
2013-08-29,2013-08-29,2013-08-29
2013-08-30,2013-08-30,2013-08-30
2013-08-31,2013-08-31,2013-08-31
2013-09-01,2013-09-01,2013-09-01
2013-09-02,2013-09-02,2013-09-02
2013-09-03,2013-09-03,2013-09-03
2013-09-04,2013-09-04,2013-09-04
2013-09-05,2013-09-05,2013-09-05
2013-09-06,2013-09-06,2013-09-06
2013-09-07,2013-09-07,2013-09-07
2013-09-08,2013-09-08,2013-09-08
2013-09-09,2013-09-09,2013-09-09
2013-09-10,2013-09-10,2013-09-10
2013-09-11,2013-09-11,2013-09-11
2013-09-12,2013-09-12,2013-09-12
2013-09-13,2013-09-13,2013-09-13
2013-09-14,2013-09-14,2013-09-14
2013-09-15,2013-09-15,2013-09-15
2013-09-16,2013-09-16,2013-09-16
2013-09-17,2013-09-17,2013-09-17
2013-09-18,2013-09-18,2013-09-18
2013-09-19,2013-09-19,2013-09-19
2013-09-20,2013-09-20,2013-09-20
2013-09-21,2013-09-21,2013-09-21
2013-09-22,2013-09-22,2013-09-22
2013-09-23,2013-09-23,2013-09-23
2013-09-24,2013-09-24,2013-09-24
2013-09-25,2013-09-25,2013-09-25
2013-09-26,2013-09-26,2013-09-26
2013-09-27,2013-09-27,2013-09-27
2013-09-28,2013-09-28,2013-09-28
2013-09-29,2013-09-29,2013-09-29
2013-09-30,2013-09-30,2013-09-30
2014-03-22,2014-03-22,2014-03-22
2014-03-30,2014-03-30,2014-03-30
2014-03-31,2014-03-31,2014-03-31
2014-04-01,2014-04-01,2014-04-01
2014-04-02,2014-04-02,2014-04-02
2014-04-03,2014-04-03,2014-04-03
2014-04-04,2014-04-04,2014-04-04
2014-04-05,2014-04-05,2014-04-05
2014-04-06,2014-04-06,2014-04-06
2014-04-07,2014-04-07,2014-04-07
2014-04-08,2014-04-08,2014-04-08
2014-04-09,2014-04-09,2014-04-09
2014-04-10,2014-04-10,2014-04-10
2014-04-11,2014-04-11,2014-04-11
2014-04-12,2014-04-12,2014-04-12
2014-04-13,2014-04-13,2014-04-13
2014-04-14,2014-04-14,2014-04-14
2014-04-15,2014-04-15,2014-04-15
2014-04-16,2014-04-16,2014-04-16
2014-04-17,2014-04-17,2014-04-17
2014-04-18,2014-04-18,2014-04-18
2014-04-19,2014-04-19,2014-04-19
2014-04-20,2014-04-20,2014-04-20
2014-04-21,2014-04-21,2014-04-21
2014-04-22,2014-04-22,2014-04-22
2014-04-23,2014-04-23,2014-04-23
2014-04-24,2014-04-24,2014-04-24
2014-04-25,2014-04-25,2014-04-25
2014-04-26,2014-04-26,2014-04-26
2014-04-27,2014-04-27,2014-04-27
2014-04-28,2014-04-28,2014-04-28
2014-04-29,2014-04-29,2014-04-29
2014-04-30,2014-04-30,2014-04-30
2014-05-01,2014-05-01,2014-05-01
2014-05-02,2014-05-02,2014-05-02
2014-05-03,2014-05-03,2014-05-03
2014-05-04,2014-05-04,2014-05-04
2014-05-05,2014-05-05,2014-05-05
2014-05-06,2014-05-06,2014-05-06
2014-05-07,2014-05-07,2014-05-07
2014-05-08,2014-05-08,2014-05-08
2014-05-09,2014-05-09,2014-05-09
2014-05-10,2014-05-10,2014-05-10
2014-05-11,2014-05-11,2014-05-11
2014-05-12,2014-05-12,2014-05-12
2014-05-13,2014-05-13,2014-05-13
2014-05-14,2014-05-14,2014-05-14
2014-05-15,2014-05-15,2014-05-15
2014-05-16,2014-05-16,2014-05-16
2014-05-17,2014-05-17,2014-05-17
2014-05-18,2014-05-18,2014-05-18
2014-05-19,2014-05-19,2014-05-19
2014-05-20,2014-05-20,2014-05-20
2014-05-21,2014-05-21,2014-05-21
2014-05-22,2014-05-22,2014-05-22
2014-05-23,2014-05-23,2014-05-23
2014-05-24,2014-05-24,2014-05-24
2014-05-25,2014-05-25,2014-05-25
2014-05-26,2014-05-26,2014-05-26
2014-05-27,2014-05-27,2014-05-27
2014-05-28,2014-05-28,2014-05-28
2014-05-29,2014-05-29,2014-05-29
2014-05-30,2014-05-30,2014-05-30
2014-05-31,2014-05-31,2014-05-31
2014-06-01,2014-06-01,2014-06-01
2014-06-02,2014-06-02,2014-06-02
2014-06-03,2014-06-03,2014-06-03
2014-06-04,2014-06-04,2014-06-04
2014-06-05,2014-06-05,2014-06-05
2014-06-06,2014-06-06,2014-06-06
2014-06-07,2014-06-07,2014-06-07
2014-06-08,2014-06-08,2014-06-08
2014-06-09,2014-06-09,2014-06-09
2014-06-10,2014-06-10,2014-06-10
2014-06-11,2014-06-11,2014-06-11
2014-06-12,2014-06-12,2014-06-12
2014-06-13,2014-06-13,2014-06-13
2014-06-14,2014-06-14,2014-06-14
2014-06-15,2014-06-15,2014-06-15
2014-06-16,2014-06-16,2014-06-16
2014-06-17,2014-06-17,2014-06-17
2014-06-18,2014-06-18,2014-06-18
2014-06-19,2014-06-19,2014-06-19
2014-06-20,2014-06-20,2014-06-20
2014-06-21,2014-06-21,2014-06-21
2014-06-22,2014-06-22,2014-06-22
2014-06-23,2014-06-23,2014-06-23
2014-06-24,2014-06-24,2014-06-24
2014-06-25,2014-06-25,2014-06-25
2014-06-26,2014-06-26,2014-06-26
2014-06-27,2014-06-27,2014-06-27
2014-06-28,2014-06-28,2014-06-28
2014-06-29,2014-06-29,2014-06-29
2014-06-30,2014-06-30,2014-06-30
2014-07-01,2014-07-01,2014-07-01
2014-07-02,2014-07-02,2014-07-02
2014-07-03,2014-07-03,2014-07-03
2014-07-04,2014-07-04,2014-07-04
2014-07-05,2014-07-05,2014-07-05
2014-07-06,2014-07-06,2014-07-06
2014-07-07,2014-07-07,2014-07-07
2014-07-08,2014-07-08,2014-07-08
2014-07-09,2014-07-09,2014-07-09
2014-07-10,2014-07-10,2014-07-10
2014-07-11,2014-07-11,2014-07-11
2014-07-12,2014-07-12,2014-07-12
2014-07-13,2014-07-13,2014-07-13
2014-07-18,2014-07-18,2014-07-18
2014-07-19,2014-07-19,2014-07-19
2014-07-20,2014-07-20,2014-07-20
2014-07-21,2014-07-21,2014-07-21
2014-07-22,2014-07-22,2014-07-22
2014-07-23,2014-07-23,2014-07-23
2014-07-24,2014-07-24,2014-07-24
2014-07-25,2014-07-25,2014-07-25
2014-07-26,2014-07-26,2014-07-26
2014-07-27,2014-07-27,2014-07-27
2014-07-28,2014-07-28,2014-07-28
2014-07-29,2014-07-29,2014-07-29
2014-07-30,2014-07-30,2014-07-30
2014-07-31,2014-07-31,2014-07-31
2014-08-01,2014-08-01,2014-08-01
2014-08-02,2014-08-02,2014-08-02
2014-08-03,2014-08-03,2014-08-03
2014-08-04,2014-08-04,2014-08-04
2014-08-05,2014-08-05,2014-08-05
2014-08-06,2014-08-06,2014-08-06
2014-08-07,2014-08-07,2014-08-07
2014-08-08,2014-08-08,2014-08-08
2014-08-09,2014-08-09,2014-08-09
2014-08-10,2014-08-10,2014-08-10
2014-08-11,2014-08-11,2014-08-11
2014-08-12,2014-08-12,2014-08-12
2014-08-13,2014-08-13,2014-08-13
2014-08-14,2014-08-14,2014-08-14
2014-08-15,2014-08-15,2014-08-15
2014-08-16,2014-08-16,2014-08-16
2014-08-17,2014-08-17,2014-08-17
2014-08-18,2014-08-18,2014-08-18
2014-08-19,2014-08-19,2014-08-19
2014-08-20,2014-08-20,2014-08-20
2014-08-21,2014-08-21,2014-08-21
2014-08-22,2014-08-22,2014-08-22
2014-08-23,2014-08-23,2014-08-23
2014-08-24,2014-08-24,2014-08-24
2014-08-25,2014-08-25,2014-08-25
2014-08-26,2014-08-26,2014-08-26
2014-08-27,2014-08-27,2014-08-27
2014-08-28,2014-08-28,2014-08-28
2014-08-29,2014-08-29,2014-08-29
2014-08-30,2014-08-30,2014-08-30
2014-08-31,2014-08-31,2014-08-31
2014-09-01,2014-09-01,2014-09-01
2014-09-02,2014-09-02,2014-09-02
2014-09-03,2014-09-03,2014-09-03
2014-09-04,2014-09-04,2014-09-04
2014-09-05,2014-09-05,2014-09-05
2014-09-06,2014-09-06,2014-09-06
2014-09-07,2014-09-07,2014-09-07
2014-09-08,2014-09-08,2014-09-08
2014-09-09,2014-09-09,2014-09-09
2014-09-10,2014-09-10,2014-09-10
2014-09-11,2014-09-11,2014-09-11
2014-09-12,2014-09-12,2014-09-12
2014-09-13,2014-09-13,2014-09-13
2014-09-14,2014-09-14,2014-09-14
2014-09-15,2014-09-15,2014-09-15
2014-09-16,2014-09-16,2014-09-16
2014-09-17,2014-09-17,2014-09-17
2014-09-18,2014-09-18,2014-09-18
2014-09-19,2014-09-19,2014-09-19
2014-09-20,2014-09-20,2014-09-20
2014-09-21,2014-09-21,2014-09-21
2014-09-22,2014-09-22,2014-09-22
2014-09-23,2014-09-23,2014-09-23
2014-09-24,2014-09-24,2014-09-24
2014-09-25,2014-09-25,2014-09-25
2014-09-26,2014-09-26,2014-09-26
2014-09-27,2014-09-27,2014-09-27
2014-09-28,2014-09-28,2014-09-28
2015-04-05,2015-04-05,2015-04-05
2015-04-06,2015-04-06,2015-04-06
2015-04-07,2015-04-07,2015-04-07
2015-04-08,2015-04-08,2015-04-08
2015-04-09,2015-04-09,2015-04-09
2015-04-10,2015-04-10,2015-04-10
2015-04-11,2015-04-11,2015-04-11
2015-04-12,2015-04-12,2015-04-12
2015-04-13,2015-04-13,2015-04-13
2015-04-14,2015-04-14,2015-04-14
2015-04-15,2015-04-15,2015-04-15
2015-04-16,2015-04-16,2015-04-16
2015-04-17,2015-04-17,2015-04-17
2015-04-18,2015-04-18,2015-04-18
2015-04-19,2015-04-19,2015-04-19
2015-04-20,2015-04-20,2015-04-20
2015-04-21,2015-04-21,2015-04-21
2015-04-22,2015-04-22,2015-04-22
2015-04-23,2015-04-23,2015-04-23
2015-04-24,2015-04-24,2015-04-24
2015-04-25,2015-04-25,2015-04-25
2015-04-26,2015-04-26,2015-04-26
2015-04-27,2015-04-27,2015-04-27
2015-04-28,2015-04-28,2015-04-28
2015-04-29,2015-04-29,2015-04-29
2015-04-30,2015-04-30,2015-04-30
2015-05-01,2015-05-01,2015-05-01
2015-05-02,2015-05-02,2015-05-02
2015-05-03,2015-05-03,2015-05-03
2015-05-04,2015-05-04,2015-05-04
2015-05-05,2015-05-05,2015-05-05
2015-05-06,2015-05-06,2015-05-06
2015-05-07,2015-05-07,2015-05-07
2015-05-08,2015-05-08,2015-05-08
2015-05-09,2015-05-09,2015-05-09
2015-05-10,2015-05-10,2015-05-10
2015-05-11,2015-05-11,2015-05-11
2015-05-12,2015-05-12,2015-05-12
2015-05-13,2015-05-13,2015-05-13
2015-05-14,2015-05-14,2015-05-14
2015-05-15,2015-05-15,2015-05-15
2015-05-16,2015-05-16,2015-05-16
2015-05-17,2015-05-17,2015-05-17
2015-05-18,2015-05-18,2015-05-18
2015-05-19,2015-05-19,2015-05-19
2015-05-20,2015-05-20,2015-05-20
2015-05-21,2015-05-21,2015-05-21
2015-05-22,2015-05-22,2015-05-22
2015-05-23,2015-05-23,2015-05-23
2015-05-24,2015-05-24,2015-05-24
2015-05-25,2015-05-25,2015-05-25
2015-05-26,2015-05-26,2015-05-26
2015-05-27,2015-05-27,2015-05-27
2015-05-28,2015-05-28,2015-05-28
2015-05-29,2015-05-29,2015-05-29
2015-05-30,2015-05-30,2015-05-30
2015-05-31,2015-05-31,2015-05-31
2015-06-01,2015-06-01,2015-06-01
2015-06-02,2015-06-02,2015-06-02
2015-06-03,2015-06-03,2015-06-03
2015-06-04,2015-06-04,2015-06-04
2015-06-05,2015-06-05,2015-06-05
2015-06-06,2015-06-06,2015-06-06
2015-06-07,2015-06-07,2015-06-07
2015-06-08,2015-06-08,2015-06-08
2015-06-09,2015-06-09,2015-06-09
2015-06-10,2015-06-10,2015-06-10
2015-06-11,2015-06-11,2015-06-11
2015-06-12,2015-06-12,2015-06-12
2015-06-13,2015-06-13,2015-06-13
2015-06-14,2015-06-14,2015-06-14
2015-06-15,2015-06-15,2015-06-15
2015-06-16,2015-06-16,2015-06-16
2015-06-17,2015-06-17,2015-06-17
2015-06-18,2015-06-18,2015-06-18
2015-06-19,2015-06-19,2015-06-19
2015-06-20,2015-06-20,2015-06-20
2015-06-21,2015-06-21,2015-06-21
2015-06-22,2015-06-22,2015-06-22
2015-06-23,2015-06-23,2015-06-23
2015-06-24,2015-06-24,2015-06-24
2015-06-25,2015-06-25,2015-06-25
2015-06-26,2015-06-26,2015-06-26
2015-06-27,2015-06-27,2015-06-27
2015-06-28,2015-06-28,2015-06-28
2015-06-29,2015-06-29,2015-06-29
2015-06-30,2015-06-30,2015-06-30
2015-07-01,2015-07-01,2015-07-01
2015-07-02,2015-07-02,2015-07-02
2015-07-03,2015-07-03,2015-07-03
2015-07-04,2015-07-04,2015-07-04
2015-07-05,2015-07-05,2015-07-05
2015-07-06,2015-07-06,2015-07-06
2015-07-07,2015-07-07,2015-07-07
2015-07-08,2015-07-08,2015-07-08
2015-07-09,2015-07-09,2015-07-09
2015-07-10,2015-07-10,2015-07-10
2015-07-11,2015-07-11,2015-07-11
2015-07-12,2015-07-12,2015-07-12
2015-07-17,2015-07-17,2015-07-17
2015-07-18,2015-07-18,2015-07-18
2015-07-19,2015-07-19,2015-07-19
2015-07-20,2015-07-20,2015-07-20
2015-07-21,2015-07-21,2015-07-21
2015-07-22,2015-07-22,2015-07-22
2015-07-23,2015-07-23,2015-07-23
2015-07-24,2015-07-24,2015-07-24
2015-07-25,2015-07-25,2015-07-25
2015-07-26,2015-07-26,2015-07-26
2015-07-27,2015-07-27,2015-07-27
2015-07-28,2015-07-28,2015-07-28
2015-07-29,2015-07-29,2015-07-29
2015-07-30,2015-07-30,2015-07-30
2015-07-31,2015-07-31,2015-07-31
2015-08-01,2015-08-01,2015-08-01
2015-08-02,2015-08-02,2015-08-02
2015-08-03,2015-08-03,2015-08-03
2015-08-04,2015-08-04,2015-08-04
2015-08-05,2015-08-05,2015-08-05
2015-08-06,2015-08-06,2015-08-06
2015-08-07,2015-08-07,2015-08-07
2015-08-08,2015-08-08,2015-08-08
2015-08-09,2015-08-09,2015-08-09
2015-08-10,2015-08-10,2015-08-10
2015-08-11,2015-08-11,2015-08-11
2015-08-12,2015-08-12,2015-08-12
2015-08-13,2015-08-13,2015-08-13
2015-08-14,2015-08-14,2015-08-14
2015-08-15,2015-08-15,2015-08-15
2015-08-16,2015-08-16,2015-08-16
2015-08-17,2015-08-17,2015-08-17
2015-08-18,2015-08-18,2015-08-18
2015-08-19,2015-08-19,2015-08-19
2015-08-20,2015-08-20,2015-08-20
2015-08-21,2015-08-21,2015-08-21
2015-08-22,2015-08-22,2015-08-22
2015-08-23,2015-08-23,2015-08-23
2015-08-24,2015-08-24,2015-08-24
2015-08-25,2015-08-25,2015-08-25
2015-08-26,2015-08-26,2015-08-26
2015-08-27,2015-08-27,2015-08-27
2015-08-28,2015-08-28,2015-08-28
2015-08-29,2015-08-29,2015-08-29
2015-08-30,2015-08-30,2015-08-30
2015-08-31,2015-08-31,2015-08-31
2015-09-01,2015-09-01,2015-09-01
2015-09-02,2015-09-02,2015-09-02
2015-09-03,2015-09-03,2015-09-03
2015-09-04,2015-09-04,2015-09-04
2015-09-05,2015-09-05,2015-09-05
2015-09-06,2015-09-06,2015-09-06
2015-09-07,2015-09-07,2015-09-07
2015-09-08,2015-09-08,2015-09-08
2015-09-09,2015-09-09,2015-09-09
2015-09-10,2015-09-10,2015-09-10
2015-09-11,2015-09-11,2015-09-11
2015-09-12,2015-09-12,2015-09-12
2015-09-13,2015-09-13,2015-09-13
2015-09-14,2015-09-14,2015-09-14
2015-09-15,2015-09-15,2015-09-15
2015-09-16,2015-09-16,2015-09-16
2015-09-17,2015-09-17,2015-09-17
2015-09-18,2015-09-18,2015-09-18
2015-09-19,2015-09-19,2015-09-19
2015-09-20,2015-09-20,2015-09-20
2015-09-21,2015-09-21,2015-09-21
2015-09-22,2015-09-22,2015-09-22
2015-09-23,2015-09-23,2015-09-23
2015-09-24,2015-09-24,2015-09-24
2015-09-25,2015-09-25,2015-09-25
2015-09-26,2015-09-26,2015-09-26
2015-09-27,2015-09-27,2015-09-27
2015-09-28,2015-09-28,2015-09-28
2015-09-29,2015-09-29,2015-09-29
2015-09-30,2015-09-30,2015-09-30
2015-10-01,2015-10-01,2015-10-01
2015-10-02,2015-10-02,2015-10-02
2015-10-03,2015-10-03,2015-10-03
2015-10-04,2015-10-04,2015-10-04
2016-04-03,2016-04-03,2016-04-03
2016-04-04,2016-04-04,2016-04-04
2016-04-05,2016-04-05,2016-04-05
2016-04-06,2016-04-06,2016-04-06
2016-04-07,2016-04-07,2016-04-07
2016-04-08,2016-04-08,2016-04-08
2016-04-09,2016-04-09,2016-04-09
2016-04-10,2016-04-10,2016-04-10
2016-04-11,2016-04-11,2016-04-11
2016-04-12,2016-04-12,2016-04-12
2016-04-13,2016-04-13,2016-04-13
2016-04-14,2016-04-14,2016-04-14
2016-04-15,2016-04-15,2016-04-15
2016-04-16,2016-04-16,2016-04-16
2016-04-17,2016-04-17,2016-04-17
2016-04-18,2016-04-18,2016-04-18
2016-04-19,2016-04-19,2016-04-19
2016-04-20,2016-04-20,2016-04-20
2016-04-21,2016-04-21,2016-04-21
2016-04-22,2016-04-22,2016-04-22
2016-04-23,2016-04-23,2016-04-23
2016-04-24,2016-04-24,2016-04-24
2016-04-25,2016-04-25,2016-04-25
2016-04-26,2016-04-26,2016-04-26
2016-04-27,2016-04-27,2016-04-27
2016-04-28,2016-04-28,2016-04-28
2016-04-29,2016-04-29,2016-04-29
2016-04-30,2016-04-30,2016-04-30
2016-05-01,2016-05-01,2016-05-01
2016-05-02,2016-05-02,2016-05-02
2016-05-03,2016-05-03,2016-05-03
2016-05-04,2016-05-04,2016-05-04
2016-05-05,2016-05-05,2016-05-05
2016-05-06,2016-05-06,2016-05-06
2016-05-07,2016-05-07,2016-05-07
2016-05-08,2016-05-08,2016-05-08
2016-05-09,2016-05-09,2016-05-09
2016-05-10,2016-05-10,2016-05-10
2016-05-11,2016-05-11,2016-05-11
2016-05-12,2016-05-12,2016-05-12
2016-05-13,2016-05-13,2016-05-13
2016-05-14,2016-05-14,2016-05-14
2016-05-15,2016-05-15,2016-05-15
2016-05-16,2016-05-16,2016-05-16
2016-05-17,2016-05-17,2016-05-17
2016-05-18,2016-05-18,2016-05-18
2016-05-19,2016-05-19,2016-05-19
2016-05-20,2016-05-20,2016-05-20
2016-05-21,2016-05-21,2016-05-21
2016-05-22,2016-05-22,2016-05-22
2016-05-23,2016-05-23,2016-05-23
2016-05-24,2016-05-24,2016-05-24
2016-05-25,2016-05-25,2016-05-25
2016-05-26,2016-05-26,2016-05-26
2016-05-27,2016-05-27,2016-05-27
2016-05-28,2016-05-28,2016-05-28
2016-05-29,2016-05-29,2016-05-29
2016-05-30,2016-05-30,2016-05-30
2016-05-31,2016-05-31,2016-05-31
2016-06-01,2016-06-01,2016-06-01
2016-06-02,2016-06-02,2016-06-02
2016-06-03,2016-06-03,2016-06-03
2016-06-04,2016-06-04,2016-06-04
2016-06-05,2016-06-05,2016-06-05
2016-06-06,2016-06-06,2016-06-06
2016-06-07,2016-06-07,2016-06-07
2016-06-08,2016-06-08,2016-06-08
2016-06-09,2016-06-09,2016-06-09
2016-06-10,2016-06-10,2016-06-10
2016-06-11,2016-06-11,2016-06-11
2016-06-12,2016-06-12,2016-06-12
2016-06-13,2016-06-13,2016-06-13
2016-06-14,2016-06-14,2016-06-14
2016-06-15,2016-06-15,2016-06-15
2016-06-16,2016-06-16,2016-06-16
2016-06-17,2016-06-17,2016-06-17
2016-06-18,2016-06-18,2016-06-18
2016-06-19,2016-06-19,2016-06-19
2016-06-20,2016-06-20,2016-06-20
2016-06-21,2016-06-21,2016-06-21
2016-06-22,2016-06-22,2016-06-22
2016-06-23,2016-06-23,2016-06-23
2016-06-24,2016-06-24,2016-06-24
2016-06-25,2016-06-25,2016-06-25
2016-06-26,2016-06-26,2016-06-26
2016-06-27,2016-06-27,2016-06-27
2016-06-28,2016-06-28,2016-06-28
2016-06-29,2016-06-29,2016-06-29
2016-06-30,2016-06-30,2016-06-30
2016-07-01,2016-07-01,2016-07-01
2016-07-02,2016-07-02,2016-07-02
2016-07-03,2016-07-03,2016-07-03
2016-07-04,2016-07-04,2016-07-04
2016-07-05,2016-07-05,2016-07-05
2016-07-06,2016-07-06,2016-07-06
2016-07-07,2016-07-07,2016-07-07
2016-07-08,2016-07-08,2016-07-08
2016-07-09,2016-07-09,2016-07-09
2016-07-10,2016-07-10,2016-07-10
2016-07-15,2016-07-15,2016-07-15
2016-07-16,2016-07-16,2016-07-16
2016-07-17,2016-07-17,2016-07-17
2016-07-18,2016-07-18,2016-07-18
2016-07-19,2016-07-19,2016-07-19
2016-07-20,2016-07-20,2016-07-20
2016-07-21,2016-07-21,2016-07-21
2016-07-22,2016-07-22,2016-07-22
2016-07-23,2016-07-23,2016-07-23
2016-07-24,2016-07-24,2016-07-24
2016-07-25,2016-07-25,2016-07-25
2016-07-26,2016-07-26,2016-07-26
2016-07-27,2016-07-27,2016-07-27
2016-07-28,2016-07-28,2016-07-28
2016-07-29,2016-07-29,2016-07-29
2016-07-30,2016-07-30,2016-07-30
2016-07-31,2016-07-31,2016-07-31
2016-08-01,2016-08-01,2016-08-01
2016-08-02,2016-08-02,2016-08-02
2016-08-03,2016-08-03,2016-08-03
2016-08-04,2016-08-04,2016-08-04
2016-08-05,2016-08-05,2016-08-05
2016-08-06,2016-08-06,2016-08-06
2016-08-07,2016-08-07,2016-08-07
2016-08-08,2016-08-08,2016-08-08
2016-08-09,2016-08-09,2016-08-09
2016-08-10,2016-08-10,2016-08-10
2016-08-11,2016-08-11,2016-08-11
2016-08-12,2016-08-12,2016-08-12
2016-08-13,2016-08-13,2016-08-13
2016-08-14,2016-08-14,2016-08-14
2016-08-15,2016-08-15,2016-08-15
2016-08-16,2016-08-16,2016-08-16
2016-08-17,2016-08-17,2016-08-17
2016-08-18,2016-08-18,2016-08-18
2016-08-19,2016-08-19,2016-08-19
2016-08-20,2016-08-20,2016-08-20
2016-08-21,2016-08-21,2016-08-21
2016-08-22,2016-08-22,2016-08-22
2016-08-23,2016-08-23,2016-08-23
2016-08-24,2016-08-24,2016-08-24
2016-08-25,2016-08-25,2016-08-25
2016-08-26,2016-08-26,2016-08-26
2016-08-27,2016-08-27,2016-08-27
2016-08-28,2016-08-28,2016-08-28
2016-08-29,2016-08-29,2016-08-29
2016-08-30,2016-08-30,2016-08-30
2016-08-31,2016-08-31,2016-08-31
2016-09-01,2016-09-01,2016-09-01
2016-09-02,2016-09-02,2016-09-02
2016-09-03,2016-09-03,2016-09-03
2016-09-04,2016-09-04,2016-09-04
2016-09-05,2016-09-05,2016-09-05
2016-09-06,2016-09-06,2016-09-06
2016-09-07,2016-09-07,2016-09-07
2016-09-08,2016-09-08,2016-09-08
2016-09-09,2016-09-09,2016-09-09
2016-09-10,2016-09-10,2016-09-10
2016-09-11,2016-09-11,2016-09-11
2016-09-12,2016-09-12,2016-09-12
2016-09-13,2016-09-13,2016-09-13
2016-09-14,2016-09-14,2016-09-14
2016-09-15,2016-09-15,2016-09-15
2016-09-16,2016-09-16,2016-09-16
2016-09-17,2016-09-17,2016-09-17
2016-09-18,2016-09-18,2016-09-18
2016-09-19,2016-09-19,2016-09-19
2016-09-20,2016-09-20,2016-09-20
2016-09-21,2016-09-21,2016-09-21
2016-09-22,2016-09-22,2016-09-22
2016-09-23,2016-09-23,2016-09-23
2016-09-24,2016-09-24,2016-09-24
2016-09-25,2016-09-25,2016-09-25
2016-09-26,2016-09-26,2016-09-26
2016-09-27,2016-09-27,2016-09-27
2016-09-28,2016-09-28,2016-09-28
2016-09-29,2016-09-29,2016-09-29
2016-09-30,2016-09-30,2016-09-30
2016-10-01,2016-10-01,2016-10-01
2016-10-02,2016-10-02,2016-10-02
2017-04-02,2017-04-02,2017-04-02
2017-04-03,2017-04-03,2017-04-03
2017-04-04,2017-04-04,2017-04-04
2017-04-05,2017-04-05,2017-04-05
2017-04-06,2017-04-06,2017-04-06
2017-04-07,2017-04-07,2017-04-07
2017-04-08,2017-04-08,2017-04-08
2017-04-09,2017-04-09,2017-04-09
2017-04-10,2017-04-10,2017-04-10
2017-04-11,2017-04-11,2017-04-11
2017-04-12,2017-04-12,2017-04-12
2017-04-13,2017-04-13,2017-04-13
2017-04-14,2017-04-14,2017-04-14
2017-04-15,2017-04-15,2017-04-15
2017-04-16,2017-04-16,2017-04-16
2017-04-17,2017-04-17,2017-04-17
2017-04-18,2017-04-18,2017-04-18
2017-04-19,2017-04-19,2017-04-19
2017-04-20,2017-04-20,2017-04-20
2017-04-21,2017-04-21,2017-04-21
2017-04-22,2017-04-22,2017-04-22
2017-04-23,2017-04-23,2017-04-23
2017-04-24,2017-04-24,2017-04-24
2017-04-25,2017-04-25,2017-04-25
2017-04-26,2017-04-26,2017-04-26
2017-04-27,2017-04-27,2017-04-27
2017-04-28,2017-04-28,2017-04-28
2017-04-29,2017-04-29,2017-04-29
2017-04-30,2017-04-30,2017-04-30
2017-05-01,2017-05-01,2017-05-01
2017-05-02,2017-05-02,2017-05-02
2017-05-03,2017-05-03,2017-05-03
2017-05-04,2017-05-04,2017-05-04
2017-05-05,2017-05-05,2017-05-05
2017-05-06,2017-05-06,2017-05-06
2017-05-07,2017-05-07,2017-05-07
2017-05-08,2017-05-08,2017-05-08
2017-05-09,2017-05-09,2017-05-09
2017-05-10,2017-05-10,2017-05-10
2017-05-11,2017-05-11,2017-05-11
2017-05-12,2017-05-12,2017-05-12
2017-05-13,2017-05-13,2017-05-13
2017-05-14,2017-05-14,2017-05-14
2017-05-15,2017-05-15,2017-05-15
2017-05-16,2017-05-16,2017-05-16
2017-05-17,2017-05-17,2017-05-17
2017-05-18,2017-05-18,2017-05-18
2017-05-19,2017-05-19,2017-05-19
2017-05-20,2017-05-20,2017-05-20
2017-05-21,2017-05-21,2017-05-21
2017-05-22,2017-05-22,2017-05-22
2017-05-23,2017-05-23,2017-05-23
2017-05-24,2017-05-24,2017-05-24
2017-05-25,2017-05-25,2017-05-25
2017-05-26,2017-05-26,2017-05-26
2017-05-27,2017-05-27,2017-05-27
2017-05-28,2017-05-28,2017-05-28
2017-05-29,2017-05-29,2017-05-29
2017-05-30,2017-05-30,2017-05-30
2017-05-31,2017-05-31,2017-05-31
2017-06-01,2017-06-01,2017-06-01
2017-06-02,2017-06-02,2017-06-02
2017-06-03,2017-06-03,2017-06-03
2017-06-04,2017-06-04,2017-06-04
2017-06-05,2017-06-05,2017-06-05
2017-06-06,2017-06-06,2017-06-06
2017-06-07,2017-06-07,2017-06-07
2017-06-08,2017-06-08,2017-06-08
2017-06-09,2017-06-09,2017-06-09
2017-06-10,2017-06-10,2017-06-10
2017-06-11,2017-06-11,2017-06-11
2017-06-12,2017-06-12,2017-06-12
2017-06-13,2017-06-13,2017-06-13
2017-06-14,2017-06-14,2017-06-14
2017-06-15,2017-06-15,2017-06-15
2017-06-16,2017-06-16,2017-06-16
2017-06-17,2017-06-17,2017-06-17
2017-06-18,2017-06-18,2017-06-18
2017-06-19,2017-06-19,2017-06-19
2017-06-20,2017-06-20,2017-06-20
2017-06-21,2017-06-21,2017-06-21
2017-06-22,2017-06-22,2017-06-22
2017-06-23,2017-06-23,2017-06-23
2017-06-24,2017-06-24,2017-06-24
2017-06-25,2017-06-25,2017-06-25
2017-06-26,2017-06-26,2017-06-26
2017-06-27,2017-06-27,2017-06-27
2017-06-28,2017-06-28,2017-06-28
2017-06-29,2017-06-29,2017-06-29
2017-06-30,2017-06-30,2017-06-30
2017-07-01,2017-07-01,2017-07-01
2017-07-02,2017-07-02,2017-07-02
2017-07-03,2017-07-03,2017-07-03
2017-07-04,2017-07-04,2017-07-04
2017-07-05,2017-07-05,2017-07-05
2017-07-06,2017-07-06,2017-07-06
2017-07-07,2017-07-07,2017-07-07
2017-07-08,2017-07-08,2017-07-08
2017-07-09,2017-07-09,2017-07-09
2017-07-14,2017-07-14,2017-07-14
2017-07-15,2017-07-15,2017-07-15
2017-07-16,2017-07-16,2017-07-16
2017-07-17,2017-07-17,2017-07-17
2017-07-18,2017-07-18,2017-07-18
2017-07-19,2017-07-19,2017-07-19
2017-07-20,2017-07-20,2017-07-20
2017-07-21,2017-07-21,2017-07-21
2017-07-22,2017-07-22,2017-07-22
2017-07-23,2017-07-23,2017-07-23
2017-07-24,2017-07-24,2017-07-24
2017-07-25,2017-07-25,2017-07-25
2017-07-26,2017-07-26,2017-07-26
2017-07-27,2017-07-27,2017-07-27
2017-07-28,2017-07-28,2017-07-28
2017-07-29,2017-07-29,2017-07-29
2017-07-30,2017-07-30,2017-07-30
2017-07-31,2017-07-31,2017-07-31
2017-08-01,2017-08-01,2017-08-01
2017-08-02,2017-08-02,2017-08-02
2017-08-03,2017-08-03,2017-08-03
2017-08-04,2017-08-04,2017-08-04
2017-08-05,2017-08-05,2017-08-05
2017-08-06,2017-08-06,2017-08-06
2017-08-07,2017-08-07,2017-08-07
2017-08-08,2017-08-08,2017-08-08
2017-08-09,2017-08-09,2017-08-09
2017-08-10,2017-08-10,2017-08-10
2017-08-11,2017-08-11,2017-08-11
2017-08-12,2017-08-12,2017-08-12
2017-08-13,2017-08-13,2017-08-13
2017-08-14,2017-08-14,2017-08-14
2017-08-15,2017-08-15,2017-08-15
2017-08-16,2017-08-16,2017-08-16
2017-08-17,2017-08-17,2017-08-17
2017-08-18,2017-08-18,2017-08-18
2017-08-19,2017-08-19,2017-08-19
2017-08-20,2017-08-20,2017-08-20
2017-08-21,2017-08-21,2017-08-21
2017-08-22,2017-08-22,2017-08-22
2017-08-23,2017-08-23,2017-08-23
2017-08-24,2017-08-24,2017-08-24
2017-08-25,2017-08-25,2017-08-25
2017-08-26,2017-08-26,2017-08-26
2017-08-27,2017-08-27,2017-08-27
2017-08-28,2017-08-28,2017-08-28
2017-08-29,2017-08-29,2017-08-29
2017-08-30,2017-08-30,2017-08-30
2017-08-31,2017-08-31,2017-08-31
2017-09-01,2017-09-01,2017-09-01
2017-09-02,2017-09-02,2017-09-02
2017-09-03,2017-09-03,2017-09-03
2017-09-04,2017-09-04,2017-09-04
2017-09-05,2017-09-05,2017-09-05
2017-09-06,2017-09-06,2017-09-06
2017-09-07,2017-09-07,2017-09-07
2017-09-08,2017-09-08,2017-09-08
2017-09-09,2017-09-09,2017-09-09
2017-09-10,2017-09-10,2017-09-10
2017-09-11,2017-09-11,2017-09-11
2017-09-12,2017-09-12,2017-09-12
2017-09-13,2017-09-13,2017-09-13
2017-09-14,2017-09-14,2017-09-14
2017-09-15,2017-09-15,2017-09-15
2017-09-16,2017-09-16,2017-09-16
2017-09-17,2017-09-17,2017-09-17
2017-09-18,2017-09-18,2017-09-18
2017-09-19,2017-09-19,2017-09-19
2017-09-20,2017-09-20,2017-09-20
2017-09-21,2017-09-21,2017-09-21
2017-09-22,2017-09-22,2017-09-22
2017-09-23,2017-09-23,2017-09-23
2017-09-24,2017-09-24,2017-09-24
2017-09-25,2017-09-25,2017-09-25
2017-09-26,2017-09-26,2017-09-26
2017-09-27,2017-09-27,2017-09-27
2017-09-28,2017-09-28,2017-09-28
2017-09-29,2017-09-29,2017-09-29
2017-09-30,2017-09-30,2017-09-30
2017-10-01,2017-10-01,2017-10-01
